{"cameraMode":{"drawMode":0,"name":"Shaded","section":"Shading Mode"},"sceneLighting":true,"audioPlay":false,"sceneViewState":{"showFog":true,"showMaterialUpdate":false,"showSkybox":true,"showFlares":true,"showImageEffects":true,"showParticleSystems":true},"in2DMode":false,"pivot":{"x":3.7063581943511965,"y":-0.8431345224380493,"z":6.110653400421143},"rotation":{"x":-0.24066294729709626,"y":-0.29310342669487,"z":0.07418528944253922,"w":-0.9234281182289124},"size":7.372193336486816,"orthographic":true}